<?xml version="1.0" encoding="UTF-8"?>
<!DOCTYPE suite SYSTEM "http://testng.org/testng-1.0.dtd">
<suite name="Suite" parallel="false">
<listeners>
<listener class-name="utils.Listeners.TestListener"></listener>
</listeners>
  <test name="Test">
    <classes>
      <class name="Tests.RegisterTest"/>
      <class name="Tests.WishListTest"/>
      <class name="Tests.ProductAddToCartTest"/>
      <class name="Tests.ProductSearchAndSortTest"/>
      
    </classes>
  </test> <!-- Test -->
</suite> <!-- Suite -->
